10,Counter-Strike,0,5.5,False,2000,False,Yes,Yes,Yes
20,Team Fortress Classic,0,3.0,False,1999,False,Yes,Yes,Yes
30,Day of Defeat,0,3.0,False,2003,False,Yes,Yes,Yes
40,Deathmatch Classic,0,3.0,False,2001,False,Yes,Yes,Yes
50,Half-Life: Opposing Force,0,3.0,False,1999,False,Yes,Yes,Yes
60,Ricochet,0,3.0,False,2000,False,Yes,Yes,Yes
70,Half-Life,0,5.5,False,1998,False,Yes,Yes,Yes
80,Counter-Strike: Condition Zero,0,5.5,False,2004,False,Yes,Yes,Yes
130,Half-Life: Blue Shift,0,3.0,False,2001,False,Yes,Yes,Yes
220,Half-Life 2,0,5.5,False,2004,False,Yes,Yes,Yes
240,Counter-Strike: Source,0,5.5,False,2004,False,Yes,Yes,Yes
280,Half-Life: Source,0,5.5,False,2004,False,Yes,Yes,Yes
300,Day of Defeat: Source,0,5.5,False,2010,False,Yes,Yes,Yes
320,Half-Life 2: Deathmatch,0,3.0,False,2004,False,Yes,Yes,Yes
340,Half-Life 2: Lost Coast,0,0.0,False,2005,False,Yes,Yes,Yes
360,Half-Life Deathmatch: Source,0,5.5,False,2006,False,Yes,Yes,Yes
380,Half-Life 2: Episode One,0,4.75,False,2006,False,Yes,Yes,Yes
400,Portal,0,5.5,False,2007,False,Yes,Yes,Yes
420,Half-Life 2: Episode Two,0,4.75,False,2007,False,Yes,Yes,Yes
440,Team Fortress 2,0,0.0,False,2007,True,Yes,Yes,Yes
500,Left 4 Dead,0,5.5,False,2008,False,Yes,Yes,No
550,Left 4 Dead 2,0,5.5,False,2009,False,Yes,Yes,Yes
570,Dota 2,0,0.0,False,2013,True,Yes,Yes,Yes
620,Portal 2,0,5.5,False,2011,False,Yes,Yes,Yes
630,Alien Swarm,0,0.0,False,2010,True,Yes,No,No
730,Counter-Strike: Global Offensive,0,0.0,False,2012,True,Yes,Yes,Yes
1002,Rag Doll Kung Fu,0,0.62,False,2005,False,Yes,No,No
1200,Red Orchestra: Ostfront 41-45,0,3.0,False,2006,False,Yes,Yes,Yes
1250,Killing Floor,17,6.88,False,2009,False,Yes,Yes,Yes
1300,SiN Episodes: Emergence,0,5.5,False,2006,False,Yes,No,No
1313,SiN: Gold,0,5.5,False,2020,False,Yes,No,No
1500,Darwinia,0,5.5,False,2005,False,Yes,Yes,Yes
1510,Uplink,0,6.88,False,2006,False,Yes,Yes,Yes
1520,DEFCON,0,5.5,False,2006,False,Yes,Yes,Yes
1530,Multiwinia,0,5.5,False,2008,False,Yes,Yes,No
1600,Dangerous Waters,0,9.38,False,2006,False,Yes,No,No
1610,Space Empires IV Deluxe,0,6.88,False,2006,False,Yes,No,No
1620,Jagged Alliance 2 Gold,0,11.88,False,2006,False,Yes,No,No
1630,Disciples II: Rise of the Elves ,0,5.0,False,2006,False,Yes,No,No
1640,Disciples II: Gallean's Return,0,5.0,False,2006,False,Yes,No,No
1670,Iron Warriors: T - 72 Tank Command ,0,3.75,False,2006,False,Yes,No,No
1690,Space Empires V,0,9.38,False,2006,False,Yes,No,No
1700,Arx Fatalis,0,3.75,False,2007,False,Yes,No,No
1900,Earth 2160,0,3.75,False,2006,False,Yes,Yes,Yes
1930,Two Worlds Epic Edition,17,6.88,False,2009,False,Yes,Yes,Yes
2100,Dark Messiah of Might & Magic,17,8.0,False,2006,False,Yes,No,No
2200,Quake III Arena,0,10.75,False,2007,False,Yes,No,No
2210,Quake 4,17,10.75,False,2011,False,Yes,No,No
2270,Wolfenstein 3D,0,3.75,False,2007,False,Yes,No,No
2280,DOOM (1993),0,3.75,False,2007,False,Yes,No,No
2300,DOOM II,0,3.75,False,2007,False,Yes,No,No
2310,Quake,17,7.88,False,2007,False,Yes,No,No
2320,Quake II,17,4.12,False,2007,False,Yes,No,No
2360,HeXen: Beyond Heretic,17,3.75,False,2007,False,Yes,No,No
2370,HeXen: Deathkings of the Dark Citadel,0,3.75,False,2007,False,Yes,No,No
2390,Heretic: Shadow of the Serpent Riders,0,3.75,False,2007,False,Yes,No,No
2400,The Ship: Murder Party,0,6.88,False,2006,False,Yes,No,No
2420,The Ship: Single Player,0,0.0,False,2006,False,Yes,No,No
2450,Bloody Good Time,0,4.0,False,2010,False,Yes,No,No
2500,Shadowgrounds,17,5.0,False,2006,False,Yes,Yes,No
2520,Gumboy - Crazy Adventures™,0,3.75,False,2006,False,Yes,No,No
2540,RIP - Trilogy™,0,3.75,False,2007,False,Yes,No,No
2570,Vigil: Blood Bitterness™,0,0.0,False,2007,False,Yes,No,No
2590,Alpha Prime,17,4.38,False,2007,False,Yes,No,No
2600,Vampire: The Masquerade - Bloodlines,17,18.62,False,2007,False,Yes,No,No
2610,GUN™,17,18.62,False,2006,False,Yes,No,No
2620,Call of Duty®,0,18.62,False,2006,False,Yes,No,No
2630,Call of Duty® 2,0,18.62,False,2006,False,Yes,Yes,No
2640,Call of Duty: United Offensive,0,18.62,False,2006,False,Yes,No,No
2700,RollerCoaster Tycoon® 3: Platinum,0,0.0,False,2008,False,Yes,No,No
2710,Act of War: Direct Action,0,2.25,False,2008,False,Yes,No,No
2720,ThreadSpace: Hyperbol,0,3.0,False,2007,False,Yes,No,No
2780,ARMA: Combat Operations,0,6.25,False,2008,False,Yes,No,No
2800,X2: The Threat,0,3.75,False,2006,False,Yes,No,No
2810,X3: Reunion,0,6.88,False,2006,False,Yes,Yes,Yes
2820,X3: Terran Conflict,0,10.0,False,2008,False,Yes,Yes,Yes
2840,X: Beyond the Frontier,0,3.75,False,2010,False,Yes,No,No
2850,X: Tension,0,3.75,False,2010,False,Yes,No,No
2870,X Rebirth,0,18.12,False,2013,False,Yes,Yes,Yes
2900,688(I) Hunter/Killer,0,6.88,False,2006,False,Yes,No,No
2910,Fleet Command,0,6.88,False,2006,False,Yes,No,No
2920,Sub Command,0,6.88,False,2006,False,Yes,No,No
2990,FlatOut 2™,0,22.88,False,2006,False,Yes,No,No
3010,Xpand Rally,0,4.99,False,2006,False,Yes,No,No
3020,Call of Juarez,17,9.36,False,2007,False,Yes,No,No
3050,Xpand Rally Xtreme,0,4.99,False,2008,False,Yes,No,No
3130,Men of War: Red Tide,0,3.0,False,2009,False,Yes,No,No
3170,King's Bounty: Armored Princess,0,6.88,False,2009,False,Yes,Yes,No
3230,Genesis Rising,0,3.75,False,2007,False,Yes,No,No
3260,Safecracker: The Ultimate Puzzle Adventure,0,3.75,False,2007,False,Yes,No,No
3270,Painkiller Overdose,17,3.75,False,2007,False,Yes,No,No
3300,Bejeweled 2 Deluxe,0,3.75,False,2006,False,Yes,Yes,No
3310,Chuzzle Deluxe,0,3.75,False,2006,False,Yes,Yes,No
3320,Insaniquarium Deluxe,0,3.75,False,2006,False,Yes,No,No
3330,Zuma Deluxe,0,3.75,False,2006,False,Yes,Yes,No
3340,AstroPop Deluxe,0,3.75,False,2006,False,Yes,No,No
3350,Bejeweled Deluxe,0,3.75,False,2006,False,Yes,No,No
3360,Big Money! Deluxe,0,3.75,False,2006,False,Yes,No,No
3380,Dynomite Deluxe,0,3.75,False,2006,False,Yes,No,No
3390,Feeding Frenzy 2 Deluxe,0,3.75,False,2006,False,Yes,No,No
3400,Hammer Heads Deluxe,0,0.0,False,2006,False,Yes,No,No
3410,Heavy Weapon Deluxe,0,3.75,False,2006,False,Yes,No,No
3420,Iggle Pop Deluxe,0,3.75,False,2006,False,Yes,No,No
3430,Pizza Frenzy Deluxe,0,3.75,False,2006,False,Yes,No,No
3450,Typer Shark! Deluxe,0,3.75,False,2006,False,Yes,No,No
3460,Talismania Deluxe,0,3.75,False,2006,False,Yes,No,No
3480,Peggle Deluxe,0,3.75,False,2007,False,Yes,Yes,No
3483,Peggle Extreme,0,0.0,False,2007,True,Yes,No,No
3490,Venice Deluxe,0,0.0,False,2007,False,Yes,No,No
3500,Mystery P.I.™ - The Lottery Ticket,0,3.75,False,2007,False,Yes,No,No
3510,Amazing Adventures The Lost Tomb™,0,3.75,False,2007,False,Yes,No,No
3520,Mystery P.I.™ - The Vegas Heist,0,3.75,False,2008,False,Yes,No,No
3530,Amazing Adventures Around the World,0,3.75,False,2009,False,Yes,No,No
3540,Peggle™ Nights,0,3.75,False,2008,False,Yes,Yes,No
3560,Bejeweled Twist,0,3.75,False,2008,False,Yes,No,No
3570,Mystery P.I.™ - The New York Fortune,0,3.75,False,2009,False,Yes,No,No
3580,The Wizard's Pen™,0,3.75,False,2009,False,Yes,No,No
3590,Plants vs. Zombies GOTY Edition,0,3.75,False,2009,False,Yes,Yes,No
3600,Escape Rosecliff Island,0,3.75,False,2009,False,Yes,Yes,No
3610,Mystery P.I. - Lost in Los Angeles,0,3.75,False,2009,False,Yes,No,No
3620,Zuma's Revenge!,0,3.75,False,2009,False,Yes,No,No
3700,Sniper Elite,0,5.62,False,2009,False,Yes,No,No
3710,Judge Dredd: Dredd vs. Death,0,5.62,False,2009,False,Yes,No,No
3720,Evil Genius,0,6.88,False,2009,False,Yes,No,No
3730,Aliens versus Predator Classic 2000,17,3.75,False,2010,False,Yes,No,No
3800,Advent Rising,0,5.5,False,2006,False,Yes,No,No
3810,BloodRayne (Legacy),17,0.0,False,2006,False,Yes,No,No
3820,BloodRayne 2 (Legacy),17,0.0,False,2006,False,Yes,No,No
3830,Psychonauts,0,6.88,False,2006,False,Yes,Yes,Yes
3900,Sid Meier's Civilization® IV,0,11.88,False,2006,False,Yes,Yes,No
3910,Sid Meier's Civilization® III Complete,0,3.75,False,2006,False,Yes,No,No
3920,Sid Meier's Pirates!,0,6.88,False,2005,False,Yes,No,No
3980,CivCity: Rome,0,6.88,False,2007,False,Yes,No,No
3990,Civilization IV®: Warlords,0,3.75,False,2007,False,Yes,Yes,No
4000,Garry's Mod,0,6.88,False,2006,False,Yes,Yes,Yes
4100,Poker Superstars II,0,0.0,False,2006,False,Yes,No,No
4230,RACE - The WTCC Game,0,18.62,False,2006,False,Yes,No,No
4290,RACE: Caterham Expansion,0,3.0,False,2007,False,Yes,No,No
4300,RoboBlitz,0,0.0,False,2006,False,Yes,No,No
4420,Silverfall,0,3.74,False,2007,False,Yes,No,No
4460,City Life 2008,0,6.88,False,2008,False,Yes,No,No
4470,Silverfall: Earth Awakening,0,6.88,False,2008,False,Yes,No,No
4500,S.T.A.L.K.E.R.: Shadow of Chernobyl,17,11.88,False,2007,False,Yes,No,No
4520,Full Spectrum Warrior,0,6.88,False,2007,False,Yes,No,No
4530,Full Spectrum Warrior: Ten Hammers,0,6.88,False,2007,False,Yes,No,No
4560,Company of Heroes - Legacy Edition,17,11.88,False,2007,False,Yes,No,No
4570,"Warhammer® 40.000: Dawn of War® - Game of the Year Edition",17,8.62,False,2007,False,Yes,No,No
4580,"Warhammer® 40.000: Dawn of War® - Dark Crusade",17,8.62,False,2007,False,Yes,No,No
4700,Total War: MEDIEVAL II – Definitive Edition,0,14.75,False,2006,False,Yes,Yes,Yes
4720,Condemned: Criminal Origins,17,9.38,False,2012,False,Yes,No,No
4760,Rome: Total War™ - Collection,0,0.0,False,2007,False,Yes,No,No
4770,Rome: Total War™ - Alexander,0,0.0,False,2007,False,Yes,No,No
4780,Medieval II: Total War™ Kingdoms,0,14.75,False,2007,False,Yes,Yes,Yes
4800,Heroes of Annihilated Empires,0,4.75,False,2006,False,Yes,No,No
4850,Cossacks: Back to War,0,3.0,False,2010,False,Yes,No,No
4870,Cossacks: Art of War,0,3.0,False,2011,False,Yes,No,No
4880,Cossacks: European Wars,0,3.0,False,2011,False,Yes,No,No
4890,Cossacks II: Battle for Europe,0,3.0,False,2011,False,Yes,No,No
4900,Zen of Sudoku,0,0.0,False,2006,True,Yes,No,No
4920,Natural Selection 2,0,6.88,False,2012,False,Yes,No,No
6000,STAR WARS™ Republic Commando™,0,5.5,False,2009,False,Yes,No,No
6010,Indiana Jones® and the Fate of Atlantis™,0,3.5,False,2009,False,Yes,Yes,No
6020,STAR WARS™ Jedi Knight - Jedi Academy™,0,5.5,False,2009,False,Yes,Yes,No
6030,STAR WARS™ Jedi Knight II - Jedi Outcast™,0,5.5,False,2009,False,Yes,Yes,No
6040,The Dig®,0,3.5,False,2009,False,Yes,Yes,No
6060,"Star Wars: Battlefront 2 (Classic. 2005)",0,5.5,False,2009,False,Yes,No,No
6080,Thrillville®: Off the Rails™,0,5.5,False,2009,False,Yes,No,No
6090,Armed and Dangerous®,0,3.5,False,2009,False,Yes,No,No
6120,Shank,17,5.5,False,2010,False,Yes,Yes,Yes
6200,Ghost Master®,0,3.75,False,2006,False,Yes,No,No
6210,Vegas: Make It Big™,0,3.75,False,2006,False,Yes,No,No
6220,FlatOut,0,5.62,False,2007,False,Yes,No,No
6250,Making History: The Calm & the Storm,0,3.75,False,2007,False,Yes,No,No
6270,Ducati World Championship,0,3.75,False,2007,False,Yes,No,No
6300,Dreamfall: The Longest Journey,0,11.88,False,2007,False,Yes,No,No
6310,The Longest Journey,0,6.88,False,2007,False,Yes,No,No
6370,Bloodline Champions,0,0.0,False,2011,True,Yes,No,No
6400,Joint Task Force,0,4.75,False,2007,False,Yes,No,No
6420,Nexus - The Jupiter Incident,0,6.88,False,2007,False,Yes,No,No
6510,Lost Planet™: Extreme Condition,0,13.12,False,2007,False,Yes,No,No
6550,Devil May Cry® 3 Special Edition,0,17.49,False,2007,False,Yes,No,No
6600,Bullet Candy,0,3.12,False,2007,False,Yes,No,No
6800,Commandos: Behind Enemy Lines,0,3.75,False,2007,False,Yes,No,No
6810,Commandos: Beyond the Call of Duty,0,3.75,False,2007,False,Yes,No,No
6830,Commandos 2: Men of Courage,0,3.75,False,2007,False,Yes,No,No
6840,Commandos 3: Destination Berlin,0,3.75,False,2007,False,Yes,No,No
6850,Hitman 2: Silent Assassin,17,6.12,False,2007,False,Yes,No,No
6860,Hitman: Blood Money,17,6.62,False,2007,False,Yes,No,No
6870,Battlestations: Midway,0,6.0,False,2007,False,Yes,No,No
6880,Just Cause,17,6.0,False,2007,False,Yes,No,No
6900,Hitman: Codename 47,17,5.5,False,2007,False,Yes,No,No
6910,Deus Ex: Game of the Year Edition,17,6.0,False,2007,False,Yes,No,No
6920,Deus Ex: Invisible War,17,6.0,False,2007,False,Yes,No,No
6980,Thief: Deadly Shadows,0,7.75,False,2007,False,Yes,No,No
7000,Tomb Raider: Legend,13,6.0,False,2007,False,Yes,No,No
7010,Project: Snowblind,0,5.12,False,2007,False,Yes,No,No
7020,Rogue Trooper,0,6.88,False,2007,False,Yes,No,No
7110,Jade Empire™: Special Edition,0,13.75,False,2007,False,Yes,No,No
7200,Trackmania United Forever,0,24.88,False,2008,False,Yes,No,No
7210,"Runaway. A Road Adventure",0,3.74,False,2007,False,Yes,No,No
7220,"Runaway. The Dream of The Turtle",0,3.74,False,2007,False,Yes,No,No
7260,Loki,0,6.88,False,2007,False,Yes,No,No
7340,Azada,0,6.88,False,2010,False,Yes,No,No
7510,X-Blades,17,6.88,False,2009,False,Yes,Yes,Yes
7530,Two Worlds II Castle Defense,0,6.88,False,2011,False,Yes,Yes,No
7600,Sid Meier's Railroads!,0,6.88,False,2007,False,Yes,Yes,No
7650,X-COM: Terror From the Deep,0,3.75,False,2007,False,Yes,No,No
7660,X-COM: Apocalypse,0,3.75,False,2008,False,Yes,No,No
7670,BioShock™,17,0.0,False,2007,False,Yes,No,No
7730,X-COM: Interceptor,0,3.75,False,2008,False,Yes,No,No
7760,X-COM: UFO Defense,0,3.75,False,2008,False,Yes,No,No
7770,X-COM: Enforcer,0,3.75,False,2008,False,Yes,No,No
7800,Stubbs the Zombie in Rebel Without a Pulse,17,9.62,False,2021,False,Yes,No,No
7830,Men of War™,17,3.0,False,2009,False,Yes,No,No
7840,Death Track®: Resurrection,0,2.25,False,2009,False,Yes,No,No
7860,NecroVision,17,3.75,False,2009,False,Yes,No,No
7940,Call of Duty® 4: Modern Warfare®,17,18.62,False,2007,False,Yes,Yes,No
8000,Tomb Raider: Anniversary,13,7.75,False,2007,False,Yes,No,No
8080,Kane and Lynch: Dead Men™,17,0.0,False,2007,False,Yes,No,No
8100,Conflict: Denied Ops,17,5.12,False,2008,False,Yes,No,No
8140,Tomb Raider: Underworld,13,7.75,False,2008,False,Yes,No,No
8170,Battlestations Pacific,0,0.0,False,2009,False,Yes,No,No
8190,Just Cause 2,17,12.88,False,2010,False,Yes,No,No
8330,Telltale Texas Hold ‘Em,0,0.62,False,2008,False,Yes,No,No
8340,Strong Bad's Cool Game for Attractive People: Season 1,0,8.0,False,2008,False,Yes,No,No
8400,Geometry Wars: Retro Evolved,0,4.38,False,2007,False,Yes,No,No
8500,EVE Online,0,0.0,False,2010,True,Yes,Yes,No
8600,RACE 07,0,2.38,False,2007,False,Yes,No,No
8780,RACE On,0,4.75,False,2009,False,Yes,No,No
8790,GTR 2 FIA GT Racing Game,0,4.75,False,2012,False,Yes,No,No
8800,Civilization IV: Beyond the Sword,0,6.88,False,2007,False,Yes,Yes,No
8850,BioShock® 2,17,0.0,False,2010,False,Yes,No,No
8870,BioShock Infinite,17,18.12,False,2013,False,Yes,Yes,Yes
8880,Freedom Force,0,3.75,False,2009,False,Yes,No,No
8890,Freedom Force vs. the Third Reich,0,3.75,False,2009,False,Yes,No,No
8930,Sid Meier's Civilization® V,0,18.12,False,2010,False,Yes,Yes,Yes
8970,Axel & Pixel,0,3.75,False,2010,False,Yes,No,No
9000,Spear of Destiny,0,2.49,False,2007,False,Yes,No,No
9010,Return to Castle Wolfenstein,0,4.12,False,2007,False,Yes,No,No
9060,HeXen II,0,3.75,False,2007,False,Yes,No,No
9180,Commander Keen,0,3.75,False,2007,False,Yes,No,No
9200,RAGE,17,8.25,False,2011,False,Yes,No,No
9310,"Warhammer® 40.000: Dawn of War® – Winter Assault",17,8.62,False,2007,False,Yes,No,No
9340,Company of Heroes: Opposing Fronts,18,11.88,False,2007,False,Yes,No,No
9350,Supreme Commander,0,9.38,False,2011,False,Yes,No,No
9420,Supreme Commander: Forged Alliance,0,9.38,False,2011,False,Yes,No,No
9450,"Warhammer® 40.000: Dawn of War® - Soulstorm",17,8.62,False,2008,False,Yes,No,No
9460,Frontlines™: Fuel of War™,0,11.88,False,2008,False,Yes,No,No
9480,Saints Row 2,17,6.88,False,2009,False,Yes,No,Yes
9500,Gish,0,5.5,False,2007,False,Yes,Yes,No
9710,Desperados 2: Cooper's Revenge,0,6.88,False,2008,False,Yes,No,No
9730,Tycoon City: New York,0,6.88,False,2008,False,Yes,No,No
9760,Act of War: High Treason,0,2.25,False,2008,False,Yes,No,No
9800,Death to Spies,17,3.75,False,2008,False,Yes,No,No
9850,Codename: Panzers - Cold War,0,9.38,False,2009,False,Yes,No,No
9880,Champions Online,0,0.0,False,2011,True,Yes,No,No
9900,Star Trek Online,0,0.0,False,2012,True,Yes,No,No
9940,Blade Kitten,0,2.25,False,2014,False,Yes,No,No
9960,Haunted House™,0,4.38,False,2010,False,Yes,No,No
9970,Star Raiders,0,6.88,False,2011,False,Yes,No,No
9980,The UnderGarden,0,5.0,False,2010,False,Yes,No,No
10090,Call of Duty: World at War,17,18.62,False,2008,False,Yes,No,No
10100,King's Quest™ Collection,0,16.99,False,2009,False,Yes,No,No
10110,Space Quest™ Collection,0,18.62,False,2009,False,Yes,No,No
10120,Aces of the Galaxy™,0,9.31,False,2009,False,Yes,No,No
10130,TimeShift™,0,18.62,False,2009,False,Yes,No,No
10140,3D Ultra™ Minigolf Adventures,0,9.31,False,2009,False,Yes,No,No
10150,Prototype™,17,18.62,False,2009,False,Yes,No,No
10180,Call of Duty®: Modern Warfare® 2 (2009),0,18.62,False,2009,False,Yes,Yes,No
10220,Postal III,17,8.12,False,2012,False,Yes,No,No
10230,Dead Mountaineer's Hotel,0,5.62,False,2011,False,Yes,No,No
10240,A Stroke of Fate: Operation Valkyrie,0,5.0,False,2011,False,Yes,No,No
10250,PT Boats: Knights of the Sea,0,5.0,False,2011,False,Yes,No,No
10260,PT Boats: South Gambit,0,5.0,False,2011,False,Yes,No,No
10270,Disciples III: Reincarnation,0,7.19,False,2014,False,Yes,No,No
10460,The Club™,0,9.38,False,2008,False,Yes,No,No
10500,Total War: EMPIRE – Definitive Edition,0,14.75,False,2009,False,Yes,Yes,Yes
10520,Beijing 2008™ - The Official Video Game of the Olympic Games,0,0.0,False,2008,False,Yes,No,No
10680,Aliens vs. Predator™,17,9.38,False,2010,False,Yes,No,No
11020,TrackMania Nations Forever,0,0.0,False,2008,True,Yes,No,No
11040,Sherlock Holmes - Nemesis,0,8.75,False,2008,False,Yes,No,No
11050,Dracula: Origin,0,8.75,False,2008,False,Yes,No,No
11130,Sherlock Holmes: The Mystery of the Mummy,0,0.0,False,2009,True,Yes,No,No
11140,Sherlock Holmes: The Awakened (2008),0,8.75,False,2009,False,Yes,No,No
11150,Sherlock Holmes: The Silver Earring,0,8.75,False,2009,False,Yes,No,No
11190,Sherlock Holmes versus Jack the Ripper,0,8.75,False,2009,False,Yes,No,No
11200,Shadowgrounds Survivor,17,6.88,False,2007,False,Yes,Yes,No
11230,Gumboy Tournament,0,2.25,False,2008,False,Yes,No,No
11240,Space Trader: Merchant Marine,0,3.0,False,2008,False,Yes,No,No
11250,Pacific Storm,0,5.62,False,2008,False,Yes,No,No
11260,Pacific Storm Allies,0,5.62,False,2008,False,Yes,No,No
11280,Penguins Arena: Sedna's World,0,4.38,False,2008,False,Yes,Yes,No
11340,Larva Mortus,0,1.88,False,2009,False,Yes,No,No
11360,Chains,0,1.88,False,2009,False,Yes,Yes,No
11370,Nikopol: Secrets of the Immortals,0,3.0,False,2009,False,Yes,No,No
11390,Crash Time 2,0,3.0,False,2009,False,Yes,No,No
11450,Overlord™,0,3.75,False,2007,False,Yes,No,No
11480,Soldiers: Heroes of World War II,0,3.75,False,2014,False,Yes,No,No
11550,Second Sight,0,6.88,False,2021,False,Yes,No,No
11560,Maelstrom: The Battle for Earth Begins,0,3.75,False,2009,False,Yes,No,No
11590,Hospital Tycoon,0,3.75,False,2009,False,Yes,No,No
12130,Manhunt,17,6.88,False,2011,False,Yes,No,No
12140,Max Payne,17,0.0,False,2008,False,Yes,No,No
12150,Max Payne 2: The Fall of Max Payne,17,0.0,False,2008,False,Yes,No,No
12170,Grand Theft Auto,0,0.0,False,2008,False,Yes,No,No
12180,Grand Theft Auto 2,0,0.0,False,2008,False,Yes,No,No
12200,Bully: Scholarship Edition,0,9.38,False,2010,False,Yes,No,No
12210,Grand Theft Auto IV: The Complete Edition,17,18.74,False,2020,False,Yes,No,No
12220,Grand Theft Auto: Episodes from Liberty City,17,0.0,False,2010,False,Yes,No,No
12310,Culpa Innata,0,6.88,False,2008,False,Yes,No,No
12320,Sacred Gold,0,6.88,False,2008,False,Yes,No,No
12330,Darkstar One,0,6.88,False,2008,False,Yes,No,No
12340,Jack Keane,0,6.88,False,2008,False,Yes,No,No
12360,FlatOut: Ultimate Carnage,0,22.88,False,2008,False,Yes,No,No
12390,Exodus from the Earth ,0,9.38,False,2008,False,Yes,No,No
12420,Perimeter 2: New Earth,0,9.38,False,2009,False,Yes,No,No
12430,SlamIt Pinball Big Score,0,3.75,False,2009,False,Yes,No,No
12440,Ankh 2: Heart of Osiris ,0,3.75,False,2009,False,Yes,No,No
12450,Ankh 3: Battle of the Gods,0,6.88,False,2009,False,Yes,No,No
12460,BC Kings,0,3.75,False,2009,False,Yes,No,No
12470,Port Royale 2,0,3.75,False,2009,False,Yes,No,No
12480,9th Company: Roots Of Terror,0,6.88,False,2009,False,Yes,No,No
12500,PuzzleQuest: Challenge of the Warlords,0,5.5,False,2008,False,Yes,No,No
12510,Prison Tycoon 3™: Lockdown,0,0.0,False,2008,False,Yes,No,No
12520,18 Wheels of Steel: American Long Haul,0,6.88,False,2008,False,Yes,No,No
12530,Hunting Unlimited™ 2008,0,5.5,False,2008,False,Yes,No,No
12540,Mahjongg Investigations: Under Suspicion,0,0.0,False,2008,False,Yes,No,No
12560,Ride! Carnival Tycoon,0,0.0,False,2008,False,Yes,No,No
12570,Hot Dish,0,0.0,False,2008,False,Yes,No,No
12580,Dr. Daisy Pet Vet,0,0.0,False,2008,False,Yes,No,No
12590,Sprint Cars Road to Knoxville,0,5.5,False,2008,False,Yes,No,No
12600,Midnight Outlaw: 6 Hours to SunUp,0,0.0,False,2008,False,Yes,No,No
12640,Drakensang,0,5.5,False,2009,False,Yes,No,No
12670,Mission Runway,0,0.0,False,2009,False,Yes,No,No
12690,Hunting Unlimited 2010,0,5.5,False,2009,False,Yes,No,No
12710,Overlord™: Raising Hell,0,6.88,False,2008,False,Yes,No,No
12770,Rise of the Argonauts,17,6.88,False,2009,False,Yes,No,No
12790,Damnation,17,6.88,False,2009,False,Yes,No,No
12810,Overlord II,0,6.88,False,2009,False,Yes,No,No
12830,Operation Flashpoint: Dragon Rising,17,6.88,False,2009,False,Yes,No,No
12900,AudioSurf,0,5.5,False,2008,False,Yes,No,No
13000,Ninja Reflex: Steamworks Edition,0,0.0,False,2008,False,Yes,No,No
13200,Unreal 2: The Awakening,17,9.38,False,2008,False,Yes,No,No
13210,Unreal Tournament 3 Black,17,11.88,False,2009,False,Yes,No,No
13230,Unreal Tournament 2004: Editor's Choice Edition,17,9.38,False,2004,False,Yes,No,No
13240,Unreal Tournament: Game of the Year Edition,17,6.88,False,2008,False,Yes,No,No
13250,Unreal Gold,0,6.88,False,2008,False,Yes,No,No
13500,Prince of Persia: Warrior Within™,17,8.0,False,2008,False,Yes,No,No
13520,Far Cry®,17,8.0,False,2008,False,Yes,No,No
13530,Prince of Persia: The Two Thrones™,17,8.0,False,2008,False,Yes,No,No
13540,Tom Clancy's Rainbow Six® Vegas,17,8.0,False,2008,False,Yes,No,No
13560,Tom Clancy's Splinter Cell®,0,8.0,False,2008,False,Yes,No,No
13570,Tom Clancy's Splinter Cell Chaos Theory®,0,8.0,False,2009,False,Yes,No,No
13580,Tom Clancy's Splinter Cell Double Agent®,17,8.0,False,2009,False,Yes,No,No
13600,Prince of Persia®: The Sands of Time,0,8.0,False,2008,False,Yes,No,No
13620,Tom Clancy's Ghost Recon® Desert Siege™,17,14.88,False,2008,False,Yes,No,No
13630,Tom Clancy's Ghost Recon® Island Thunder™,0,3.11,False,2008,False,Yes,No,No
15000,Tom Clancy's Rainbow Six Lockdown™,17,8.0,False,2008,False,Yes,No,No
15080,Rayman Raving Rabbids™,0,8.0,False,2008,False,Yes,No,No
15100,Assassin's Creed™: Director's Cut Edition,17,16.12,False,2008,False,Yes,No,No
15160,Petz® Horsez® 2,0,6.24,False,2008,False,Yes,No,No
15170,Heroes of Might & Magic V,0,8.0,False,2008,False,Yes,No,No
15190,Brothers in Arms: Road to Hill 30™,17,8.0,False,2008,False,Yes,No,No
15200,Silent Hunter®: Wolves of the Pacific,0,8.0,False,2008,False,Yes,No,No
15210,Silent Hunter® III,0,8.0,False,2008,False,Yes,No,No
15240,Silent Hunter®: Wolves of the Pacific U-Boat Missions,0,8.0,False,2008,False,Yes,No,No
15270,Cold Fear™,17,8.0,False,2008,False,Yes,No,No
15300,Tom Clancy's Ghost Recon®,17,8.0,False,2008,False,Yes,No,No
15320,IL-2 Sturmovik: 1946,0,6.88,False,2008,False,Yes,No,No
15350,Brain Spa,0,8.0,False,2008,False,Yes,No,No
15370,Heroes of Might & Magic V: Tribes of the East,0,8.0,False,2008,False,Yes,No,No
15380,Heroes of Might & Magic V: Hammers of Fate,0,8.0,False,2008,False,Yes,No,No
15390,Brothers in Arms: Hell's Highway™,17,8.0,False,2008,False,Yes,No,No
15400,Harvest: Massive Encounter,0,4.75,False,2009,False,Yes,Yes,Yes
15500,The Wonderful End of the World,0,6.88,False,2008,False,Yes,No,No
15520,AaAaAA!!! - A Reckless Disregard for Gravity,0,6.88,False,2009,False,Yes,No,No
15560,AaaaaAAaaaAAAaaAAAAaAAAAA!!! for the Awesome,0,6.88,False,2011,False,Yes,No,Yes
15620,"Warhammer 40.000: Dawn of War II",17,11.88,False,2009,False,Yes,Yes,Yes
15700,Oddworld: Abe's Oddysee®,0,2.25,False,2008,False,Yes,No,No
15710,Oddworld: Abe's Exoddus®,0,2.25,False,2008,False,Yes,No,No
15740,Oddworld: Munch's Oddysee,0,3.75,False,2010,False,Yes,No,No
15750,Oddworld: Stranger's Wrath HD,0,8.62,False,2010,False,Yes,No,No
15800,Planet Busters,0,0.0,False,2008,False,Yes,No,No
15900,7 Wonders II,0,6.88,False,2008,False,Yes,No,No
15910,Luxor Amun Rising,0,6.88,False,2008,False,Yes,No,No
15920,Luxor 2,0,6.88,False,2008,False,Yes,No,No
15930,Luxor 3,0,6.88,False,2008,False,Yes,No,No
15960,Little Farm,0,6.88,False,2008,False,Yes,No,No
15970,Luxor,0,6.88,False,2008,False,Yes,Yes,No
16000,Discovery! A Seek and Find Adventure,0,6.88,False,2008,False,Yes,No,No
16020,Samantha Swift and the Hidden Roses of Athena,0,6.88,False,2008,False,Yes,No,No
16030,7 Wonders: Treasures of Seven,0,6.88,False,2008,False,Yes,No,No
16040,Luxor: Quest for the Afterlife ,0,6.88,False,2008,False,Yes,No,No
16060,Samantha Swift and the Golden Touch,0,6.88,False,2009,False,Yes,No,No
16110,Virtual Villagers: The Lost Children,0,5.5,False,2008,False,Yes,No,No
16120,Plant Tycoon,0,5.5,False,2008,False,Yes,No,No
16130,Fish Tycoon,0,5.5,False,2008,False,Yes,No,No
16180,Virtual Villagers - The Secret City,0,5.5,False,2008,False,Yes,No,No
16200,Virtual Families,0,5.5,False,2009,False,Yes,No,No
16300,Everyday Shooter,0,5.5,False,2008,False,Yes,No,No
16450,F.E.A.R. 2: Project Origin,17,12.0,False,2009,False,Yes,No,No
16500,Chaos Theory,0,2.25,False,2008,False,Yes,No,No
16600,Trials 2: Second Edition,0,0.0,False,2008,False,Yes,No,No
16620,Monster Trucks Nitro ,0,0.0,False,2009,False,Yes,Yes,No
16710,Insecticide Part 1,0,1.88,False,2008,False,Yes,No,No
16720,Velvet Assassin,17,3.0,False,2009,False,Yes,Yes,No
16730,Legendary,17,3.0,False,2008,False,Yes,No,No
16810,Sid Meier's Civilization IV: Colonization,0,11.88,False,2008,False,Yes,Yes,No
16900,GROUND BRANCH,0,9.62,False,2018,False,Yes,No,No
17100,Children of the Nile: Enhanced Edition,0,4.75,False,2008,False,Yes,No,No
17120,Children of the Nile: Alexandria,0,0.0,False,2008,False,Yes,No,No
17140,Hinterland,0,0.0,False,2008,False,Yes,No,No
17180,Mosby's Confederacy,0,0.0,False,2008,False,Yes,No,No
17330,Crysis Warhead®,17,17.5,False,2008,False,Yes,No,No
17390,SPORE™,0,17.5,False,2008,False,Yes,No,No
17410,Mirror's Edge™,0,17.5,False,2009,False,Yes,No,No
17440,SPORE™ Creepy & Cute Parts Pack,0,17.5,False,2008,False,Yes,No,No
17460,Mass Effect (2007),17,17.5,False,2008,False,Yes,No,No
17470,Dead Space,0,17.5,False,2009,False,Yes,No,No
17480,Command & Conquer: Red Alert 3,0,17.5,False,2009,False,Yes,No,No
17500,Zombie Panic! Source,0,0.0,False,2008,True,Yes,No,Yes
17570,"Pirates. Vikings. and Knights II",0,0.0,False,2010,True,Yes,No,Yes
17580,Dystopia,0,0.0,False,2009,True,Yes,No,Yes
17710,Nuclear Dawn,0,5.5,False,2011,False,Yes,Yes,Yes
17740,Empires Mod,0,0.0,False,2008,True,Yes,No,Yes
18000,"Precipice of Darkness. Episode One",17,0.0,False,2008,False,Yes,No,No
18020,"Precipice of Darkness. Episode Two",17,0.0,False,2008,False,Yes,No,No
18040,DeathSpank,0,13.75,False,2010,False,Yes,Yes,No
18050,DeathSpank: Thongs of Virtue,0,8.0,False,2010,False,Yes,Yes,No
18070,The Baconing,0,0.0,False,2011,False,Yes,Yes,No
18120,Unstoppable Gorg,0,5.5,False,2012,False,Yes,Yes,No
18300,Spectraball,0,3.75,False,2008,False,Yes,Yes,Yes
18400,Crazy Machines 2,0,5.5,False,2008,False,Yes,No,No
18420,Crazy Machines,0,5.5,False,2008,False,Yes,No,No
18430,Crazy Machines 1.5,0,5.5,False,2008,False,Yes,No,No
18470,Helldorado,0,6.88,False,2009,False,Yes,No,No
18480,Mata Hari,0,3.0,False,2009,False,Yes,No,No
18500,Defense Grid: The Awakening,0,5.5,False,2008,False,Yes,No,No
18600,Mayhem Intergalactic,0,5.5,False,2009,False,Yes,No,No
18700,And Yet It Moves,0,6.88,False,2009,False,Yes,Yes,Yes
18820,Zero Gear,0,3.0,False,2010,False,Yes,No,No
19000,Silent Hill Homecoming,17,18.62,False,2008,False,Yes,No,No
19020,Puzzle Chronicles,0,5.5,False,2010,False,Yes,No,No
19030,Rocket Knight,0,8.0,False,2010,False,Yes,No,No
19080,Biozone,0,5.5,False,2010,False,Yes,No,No
19200,Tank Universal,0,3.0,False,2008,False,Yes,No,No
19320,Space Ark,0,0.0,False,2012,False,Yes,No,No
19500,Eternity's Child,0,0.0,False,2008,False,Yes,No,No
19680,Alice: Madness Returns,17,17.5,False,2011,False,Yes,No,No
19800,Brothers in Arms: Earned in Blood™,17,8.0,False,2008,False,Yes,No,No
19810,The Sum of All Fears,0,6.24,False,2008,False,Yes,No,No
19830,Tom Clancy's Rainbow Six® 3 Gold,0,8.0,False,2008,False,Yes,No,No
19900,Far Cry® 2,17,8.0,False,2008,False,Yes,No,No
19980,Prince of Persia®,0,8.0,False,2008,False,Yes,No,No
20200,Galactic Bowling,0,0.0,False,2008,False,Yes,No,No
20500,Red Faction Guerrilla Steam Edition,0,0.0,False,2009,False,Yes,No,No
20510,S.T.A.L.K.E.R.: Clear Sky,0,6.88,False,2008,False,Yes,No,No
20530,Red Faction,0,6.88,False,2009,False,Yes,No,No
20540,Company of Heroes: Tales of Valor,17,11.88,False,2009,False,Yes,No,No
20550,Red Faction II,0,6.88,False,2009,False,Yes,No,No
20570,"Warhammer® 40.000: Dawn of War® II Chaos Rising",17,11.88,False,2010,False,Yes,Yes,Yes
20700,Starscape,0,5.5,False,2008,False,Yes,No,No
20710,Mr. Robot,0,5.5,False,2008,False,Yes,No,No
20820,Shatter,0,1.25,False,2010,False,Yes,Yes,Yes
20900,The Witcher: Enhanced Edition Director's Cut,0,6.88,False,2008,False,Yes,Yes,No
20920,The Witcher 2: Assassins of Kings Enhanced Edition,17,11.88,False,2012,False,Yes,Yes,Yes
21000,LEGO® Batman™: The Videogame,0,11.88,False,2008,False,Yes,No,No
21010,Watchmen: The End is Nigh,17,3.12,False,2009,False,Yes,No,No
21030,Watchmen: The End is Nigh Part 2,17,3.12,False,2009,False,Yes,No,No
21090,F.E.A.R.,17,53.75,False,2010,False,Yes,No,No
21100,F.E.A.R. 3,17,17.5,False,2011,False,Yes,No,No
21130,LEGO® Harry Potter: Years 1-4,0,17.5,False,2010,False,Yes,No,No
21300,Gravitron 2,0,0.0,False,2008,False,Yes,No,No
21500,Pyroblazer®,0,0.0,False,2008,False,Yes,No,No
21600,Age of Booty™,0,0.0,False,2009,False,Yes,No,No
21660,Street Fighter® IV,0,0.0,False,2009,False,Yes,No,No
21670,Bionic Commando,17,8.6,False,2009,False,Yes,No,No
21680,Bionic Commando: Rearmed,17,8.6,False,2009,False,Yes,No,No
21690,Resident Evil 5,17,20.12,False,2009,False,Yes,No,No
21780,Driver® Parallel Lines,17,8.0,False,2009,False,Yes,No,No
21800,Tom Clancy's EndWar™,0,8.0,False,2009,False,Yes,No,No
21980,Call of Juarez: Bound in Blood,17,6.24,False,2009,False,Yes,No,No
22000,World of Goo,0,8.0,False,2008,False,Yes,Yes,Yes
22100,Mount & Blade,0,6.25,False,2008,False,Yes,No,No
22120,Penumbra: Black Plague Gold Edition,17,6.88,False,2009,False,Yes,Yes,Yes
22130,Hearts of Iron 2 Complete,0,9.38,False,2009,False,Yes,No,No
22180,Penumbra Overture,17,6.88,False,2009,False,Yes,Yes,Yes
22200,Zeno Clash,0,5.0,False,2009,False,Yes,No,No
22230,Rock of Ages,0,5.5,False,2011,False,Yes,No,No
22300,Fallout 3,17,6.88,False,2008,False,Yes,No,No
22310,Rogue Warrior,17,4.12,False,2009,False,Yes,No,No
22320,The Elder Scrolls III: Morrowind® Game of the Year Edition,0,10.75,False,2009,False,Yes,No,No
22330,The Elder Scrolls IV: Oblivion® Game of the Year Edition,17,10.75,False,2009,False,Yes,No,No
22340,Call of Cthulhu®: Dark Corners of the Earth,17,4.12,False,2009,False,Yes,No,No
22350,BRINK,0,0.0,False,2011,True,Yes,No,No
22370,Fallout 3: Game of the Year Edition,17,11.88,False,2009,False,Yes,No,No
22380,Fallout: New Vegas,16,6.88,False,2010,False,Yes,No,No
22450,Hunted: The Demon’s Forge™,17,4.12,False,2011,False,Yes,No,No
22500,Spectromancer,0,4.12,False,2009,False,Yes,No,No
22600,Worms Reloaded,0,11.88,False,2010,False,Yes,Yes,Yes
22610,Alien Breed: Impact,0,6.88,False,2010,False,Yes,No,No
22650,Alien Breed 2: Assault,0,6.88,False,2010,False,Yes,No,No
22670,Alien Breed 3: Descent,0,6.88,False,2010,False,Yes,No,No
23150,Fluttabyes,0,1.5,False,2010,False,Yes,No,No
23300,Yosumin!™,0,5.12,False,2009,False,Yes,No,No
23380,Gyromancer,0,5.12,False,2009,False,Yes,No,No
23400,Imperium Romanum Gold Edition,0,7.19,False,2008,False,Yes,No,No
23420,Europa Universalis: Rome - Gold Edition ,0,6.88,False,2008,False,Yes,No,No
23450,Grand Ages: Rome,0,7.19,False,2009,False,Yes,No,No
23455,Grand Ages: Rome - Reign of Augustus,0,5.0,False,2010,False,Yes,No,No
23460,Ceville,0,2.38,False,2009,False,Yes,No,No
23490,Tropico 3,0,7.19,False,2009,False,Yes,No,No
23500,Puzzle Quest: Galactrix,0,5.5,False,2009,False,Yes,No,No
23530,Earth Defense Force: Insect Armageddon,0,6.62,False,2011,False,Yes,No,No
23600,Depths of Peril,0,6.88,False,2010,False,Yes,Yes,Yes
23700,Puzzle Kingdoms,0,9.38,False,2009,False,Yes,No,No
24010,Train Simulator Classic,0,11.88,False,2022,False,Yes,No,No
24200,DC Universe™ Online,0,0.0,False,2011,True,Yes,No,No
24240,PAYDAY™ The Heist,17,9.38,False,2011,False,Yes,No,No
24400,King Arthur - The Role-playing Wargame,0,6.88,False,2009,False,Yes,No,No
24410,Crusaders: Thy Kingdom Come,0,6.88,False,2009,False,Yes,No,No
24420,Aquaria,0,6.88,False,2008,False,Yes,No,Yes
24460,King Arthur: Fallen Champions,0,3.75,False,2011,False,Yes,No,No
24480,King Arthur II: The Role-Playing Wargame,0,6.88,False,2012,False,Yes,No,No
24640,Trainz: Classic Cabon City,0,9.62,False,2010,False,Yes,No,No
24650,Trainz Settle and Carlisle,0,11.88,False,2010,False,Yes,No,No
24670,Trainz™ Simulator 12,0,5.5,False,2011,False,Yes,No,No
24720,SPORE™ Galactic Adventures,0,17.5,False,2009,False,Yes,No,No
24780,SimCity™ 4 Deluxe Edition,0,17.5,False,2010,False,Yes,Yes,No
24790,Command & Conquer 3: Tiberium Wars,0,13.75,False,2009,False,Yes,No,No
24800,Command & Conquer: Red Alert 3 - Uprising,0,17.5,False,2009,False,Yes,No,No
24810,Command & Conquer 3: Kane's Wrath,0,13.75,False,2009,False,Yes,No,No
24870,Need for Speed: Shift,0,0.0,False,2009,False,Yes,No,No
24960,Battlefield: Bad Company™ 2,17,17.5,False,2010,False,Yes,No,No
24980,Mass Effect 2 (2010),17,17.5,False,2010,False,Yes,No,No
25000,Overgrowth,0,9.62,False,2017,False,Yes,Yes,Yes
25010,Lugaru HD,0,5.5,False,2010,False,Yes,Yes,Yes
25500,Cricket Revolution,0,0.0,False,2009,False,Yes,No,No
25600,Eschalon: Book I,0,0.0,False,2009,True,Yes,Yes,Yes
25620,Eschalon: Book II,0,3.5,False,2010,False,Yes,Yes,Yes
25700,Madballs in Babo:Invasion,0,3.75,False,2009,False,Yes,Yes,No
25800,Europa Universalis III Complete,0,9.38,False,2009,False,Yes,Yes,No
25808,Europa Universalis III: Divine Wind,0,6.88,False,2011,False,Yes,No,No
25830,Knights of Honor,0,6.88,False,2009,False,Yes,No,No
25850,Elven Legacy,0,3.75,False,2009,False,Yes,No,No
25890,Hearts of Iron III,0,6.88,False,2009,False,Yes,Yes,No
25900,King's Bounty: The Legend,0,5.0,False,2009,False,Yes,Yes,No
25910,Supreme Ruler 2020 Gold,0,6.88,False,2009,False,Yes,No,No
25930,East India Company,0,6.88,False,2009,False,Yes,No,No
25980,Majesty 2,0,6.88,False,2009,False,Yes,No,No
25990,Majesty Gold HD,0,6.88,False,2009,False,Yes,No,No
26000,The Maw,0,6.88,False,2009,False,Yes,No,No
26300,Drug Wars,17,0.0,False,2009,False,Yes,No,No
26500,Cogs,0,3.5,False,2009,False,Yes,Yes,Yes
26800,Braid,0,9.38,False,2009,False,Yes,Yes,Yes
26900,Crayon Physics Deluxe,0,11.88,False,2009,False,Yes,Yes,No
27000,The Path,0,5.5,False,2009,False,Yes,Yes,No
27020,The Graveyard,0,3.0,False,2009,False,Yes,Yes,Yes
27050,Fatale,0,4.12,False,2009,False,Yes,Yes,No
27200,Summer Athletics,0,11.88,False,2009,False,Yes,No,No
27400,Dangerous High School Girls in Trouble!™,0,11.88,False,2009,False,Yes,Yes,No
27800,Space Giraffe,0,5.5,False,2009,False,Yes,No,No
27810,Gridrunner Revolution,0,5.5,False,2010,False,Yes,No,No
27900,Twin Sector,0,3.75,False,2009,False,Yes,No,No
27920,Booster Trooper,0,1.25,False,2010,False,Yes,No,No
27940,Dead Horde,0,3.5,False,2011,False,Yes,No,No
28000,Kane & Lynch 2: Dog Days,17,8.62,False,2010,False,Yes,No,No
29120,Yumsters 2: Around the World,0,3.0,False,2009,False,Yes,No,No
29130,Musaic Box,0,3.0,False,2009,False,Yes,No,No
29160,Blueberry Garden,0,3.75,False,2009,False,Yes,Yes,Yes
29180,Osmos,0,5.5,False,2009,False,Yes,Yes,Yes
29540,Guild Wars® Game of the Year Edition,0,9.62,False,2009,False,Yes,No,No
29560,Guild Wars Factions®,0,9.62,False,2009,False,Yes,No,No
29570,Guild Wars® Trilogy,0,14.38,False,2009,False,Yes,No,No
29580,Guild Wars Nightfall®,0,9.62,False,2009,False,Yes,No,No
29700,Guild Wars: Eye of the North®,0,9.62,False,2010,False,Yes,No,No
29800,Caster,0,1.25,False,2009,False,Yes,Yes,No
29900,Dark Sector,0,6.88,False,2009,False,Yes,No,No
31270,Puzzle Agent,0,3.75,False,2010,False,Yes,Yes,No
31300,Tunnel Rats,0,0.0,False,2009,False,Yes,No,No
31700,Iron Grip: Warlord,0,0.0,False,2008,False,Yes,No,No
31800,Nancy Drew®: Danger by Design,0,4.12,False,2009,False,Yes,No,No
31810,Nancy Drew®: Last Train to Blue Moon Canyon,0,4.12,False,2009,False,Yes,No,No
31840,Nancy Drew®: Danger on Deception Island,0,4.12,False,2009,False,Yes,No,No
31850,Nancy Drew®: Ghost Dogs of Moon Lake,0,4.12,False,2009,False,Yes,No,No
31860,Nancy Drew®: Legend of the Crystal Skull,0,4.12,False,2009,False,Yes,No,No
31870,"Nancy Drew® Dossier: Lights. Camera. Curses!",0,4.12,False,2009,False,Yes,No,No
31880,Nancy Drew®: Secret of the Old Clock,0,4.12,False,2009,False,Yes,No,No
31890,Nancy Drew®: Secret of the Scarlet Hand,0,4.12,False,2009,False,Yes,No,No
31900,Nancy Drew®: The Creature of Kapu Cave,0,4.12,False,2009,False,Yes,No,No
31910,Nancy Drew®: The Haunting of Castle Malloy,0,4.12,False,2009,False,Yes,No,No
31920,Nancy Drew®: The Phantom of Venice,0,4.12,False,2009,False,Yes,No,No
31930,Nancy Drew®: The White Wolf of Icicle Creek,0,4.12,False,2009,False,Yes,No,No
32000,Raycatcher,0,0.0,False,2009,False,Yes,No,No
32110,LUXOR: Mah Jong,0,6.88,False,2009,False,Yes,Yes,No
32120,Chainz 2: Relinked,0,6.88,False,2009,False,Yes,No,No
32140,Midnight Mysteries,0,6.88,False,2009,False,Yes,No,No
32150,Everyday Genius: SquareLogic,0,3.75,False,2009,False,Yes,No,No
32160,Zombie Bowl-o-Rama,0,6.88,False,2009,False,Yes,No,No
32200,Metal Drift,0,5.5,False,2009,False,Yes,No,No
32310,Indiana Jones® and the Last Crusade™,0,3.5,False,2009,False,Yes,Yes,No
32330,LEGO® Indiana Jones™: The Original Adventures,0,9.62,False,2009,False,Yes,No,No
32340,LOOM™,0,3.5,False,2009,False,Yes,Yes,No
32350,STAR WARS™ Starfighter™,0,3.5,False,2009,False,Yes,No,No
32360,The Secret of Monkey Island: Special Edition,0,5.5,False,2009,False,Yes,No,No
32370,STAR WARS™ - Knights of the Old Republic™,0,5.5,False,2009,False,Yes,Yes,No
32380,STAR WARS™ Jedi Knight: Dark Forces II,0,3.5,False,2009,False,Yes,No,No
32390,STAR WARS™ Jedi Knight - Mysteries of the Sith™,0,1.88,False,2009,False,Yes,No,No
32400,STAR WARS™ - Dark Forces,0,3.5,False,2009,False,Yes,Yes,No
32410,Lucidity™,0,3.5,False,2009,False,Yes,No,No
32420,STAR WARS™: The Clone Wars - Republic Heroes™,0,9.62,False,2009,False,Yes,No,No
32430,STAR WARS™ - The Force Unleashed™ Ultimate Sith Edition,0,9.62,False,2009,False,Yes,Yes,No
32440,LEGO® Star Wars™ - The Complete Saga,0,9.62,False,2009,False,Yes,No,No
32450,LEGO® Indiana Jones™ 2: The Adventure Continues,0,9.62,False,2010,False,Yes,No,No
32460,Monkey Island™ 2 Special Edition: LeChuck’s Revenge™,0,5.5,False,2010,False,Yes,No,No
32470,STAR WARS™ Empire at War - Gold Pack,0,9.62,False,2010,False,Yes,No,No
32500,STAR WARS™: The Force Unleashed™ II,0,9.62,False,2010,False,Yes,No,No
32510,LEGO® Star Wars™ III - The Clone Wars™,0,9.62,False,2011,False,Yes,No,No
32610,Delta Force Xtreme 2,0,11.88,False,2009,False,Yes,No,No
32620,Delta Force,0,3.75,False,2009,False,Yes,No,No
32630,Delta Force 2,0,3.75,False,2009,False,Yes,No,No
32640,Delta Force Land Warrior,0,6.88,False,2009,False,Yes,No,No
32650,Delta Force: Task Force Dagger,0,6.88,False,2009,False,Yes,No,No
32660,Delta Force: Xtreme,0,11.88,False,2009,False,Yes,No,No
32670,Delta Force: Black Hawk Down,0,9.38,False,2009,False,Yes,No,No
32680,Delta Force — Black Hawk Down: Team Sabre,0,6.88,False,2009,False,Yes,No,No
32710,Armored Fist 3,0,6.88,False,2009,False,Yes,No,No
32720,F-16 Multirole Fighter,0,6.88,False,2009,False,Yes,No,No
32730,F-22 Lightning 3,0,6.88,False,2009,False,Yes,No,No
32740,MiG-29 Fulcrum,0,6.88,False,2009,False,Yes,No,No
32750,Comanche 4,0,6.88,False,2009,False,Yes,No,No
32760,Tachyon: The Fringe,0,6.88,False,2009,False,Yes,No,No
32770,Joint Operations: Combined Arms Gold,0,11.88,False,2009,False,Yes,No,No
32900,Restaurant Empire II,0,11.88,False,2009,False,Yes,No,No
33100,Alien Shooter,0,3.0,False,2009,False,Yes,No,No
33110,Alien Shooter: Revisited,0,3.0,False,2009,False,Yes,No,No
33120,Alien Shooter 2: Reloaded,0,3.0,False,2009,False,Yes,No,No
33130,Zombie Shooter,0,3.0,False,2009,False,Yes,No,No
33180,Zombie Shooter 2,0,5.5,False,2009,False,Yes,No,No
33220,Tom Clancy's Splinter Cell Conviction™,17,16.12,False,2010,False,Yes,No,No
33229,Tom Clancy's Splinter Cell Conviction™ Deluxe Edition,17,16.12,False,2010,False,Yes,No,No
33230,Assassin's Creed 2,17,16.12,False,2010,False,Yes,No,No
33320,Prince of Persia: The Forgotten Sands™,0,8.0,False,2010,False,Yes,No,No
33390,Zeit²,0,8.0,False,2011,False,Yes,No,No
33460,From Dust,0,12.38,False,2011,False,Yes,No,No
33520,Tropico Reloaded,0,5.0,False,2009,False,Yes,No,No
33540,Dawn of Magic 2,0,2.25,False,2009,False,Yes,No,No
33570,Patrician III,0,3.75,False,2010,False,Yes,No,No
33600,Broken Sword 2 - the Smoking Mirror: Remastered,0,4.38,False,2009,False,Yes,Yes,Yes
33610,Broken Sword 3 - the Sleeping Dragon,0,4.38,False,2009,False,Yes,No,No
33620,Crash Time 3,0,4.38,False,2009,False,Yes,No,No
33650,Puzzler World,0,3.75,False,2010,False,Yes,No,No
33660,Ziro,0,3.75,False,2010,False,Yes,No,No
33670,Disciples III - Renaissance Steam Special Edition,0,7.19,False,2010,False,Yes,No,No
33680,eversion,0,3.0,False,2010,False,Yes,Yes,Yes
33730,18 Wheels of Steel: Extreme Trucker,0,6.88,False,2009,False,Yes,No,No
33760,The Search for Amelia Earhart,0,5.0,False,2010,False,Yes,No,No
33770,Drakensang: The River of Time,0,11.88,False,2011,False,Yes,No,No
33790,Elizabeth Find M.D. - Diagnosis Mystery - Season 2,0,0.0,False,2011,False,Yes,Yes,No
33930,Arma 2: Operation Arrowhead,17,14.38,False,2010,False,Yes,No,No
33950,Fish Fillets 2,0,4.38,False,2010,False,Yes,No,No
33980,Pound of Ground,0,9.38,False,2010,False,Yes,No,No
33990,Alternativa,0,9.38,False,2010,False,Yes,No,No
34030,Total War: NAPOLEON – Definitive Edition,0,14.75,False,2010,False,Yes,Yes,No
34190,Sonic & SEGA All-Stars Racing,0,6.5,False,2010,False,Yes,No,No
34270,SEGA Mega Drive and Genesis Classics,13,0.0,False,2010,False,Yes,Yes,Yes
34272,Comix Zone™,0,0.75,False,2010,False,Yes,Yes,Yes
34273,Crack Down™,0,0.75,False,2010,False,Yes,Yes,Yes
34274,Ecco the Dolphin™,0,0.75,False,2010,False,Yes,Yes,Yes
34275,Gain Ground™,0,0.75,False,2010,False,Yes,Yes,Yes
34276,Golden Axe™,0,0.75,False,2010,False,Yes,Yes,Yes
34277,Shinobi™ III: Return of the Ninja Master,0,0.75,False,2010,False,Yes,Yes,Yes
34278,Sonic 3D Blast™,0,3.75,False,2010,False,Yes,Yes,Yes
34279,Space Harrier™ II,0,0.75,False,2010,False,Yes,Yes,Yes
34280,VectorMan™,0,0.75,False,2010,False,Yes,Yes,Yes
34281,Altered Beast™,0,0.75,False,2010,False,Yes,Yes,Yes
34282,Shadow Dancer™,0,0.75,False,2010,False,Yes,Yes,Yes
34283,Alex Kidd™ in the Enchanted Castle,0,0.75,False,2010,False,Yes,Yes,Yes
34284,Bonanza Bros.™,0,0.75,False,2010,False,Yes,Yes,Yes
34285,Columns™,0,0.75,False,2010,False,Yes,Yes,Yes
34286,Dr. Robotnik’s Mean Bean Machine™,0,3.75,False,2010,False,Yes,Yes,Yes
34287,Ecco™ Jr.,0,0.75,False,2010,False,Yes,Yes,Yes
34288,Eternal Champions™,13,0.75,False,2010,False,Yes,Yes,Yes
34289,Fatal Labyrinth™,0,0.75,False,2010,False,Yes,Yes,Yes
34310,Galaxy Force II™,0,0.75,False,2010,False,Yes,Yes,Yes
34311,Kid Chameleon™,0,0.75,False,2010,False,Yes,Yes,Yes
34312,Ristar™,0,0.75,False,2010,False,Yes,Yes,Yes
34313,Sonic Spinball™,0,3.75,False,2010,False,Yes,Yes,Yes
34314,Super Thunder Blade™,0,0.75,False,2010,False,Yes,Yes,Yes
34315,Alien Storm,0,0.75,False,2010,False,Yes,Yes,Yes
34316,Bio-Hazard Battle™,0,0.75,False,2010,False,Yes,Yes,Yes
34317,Columns™ III,0,0.75,False,2010,False,Yes,Yes,Yes
34318,Decap Attack™,0,0.75,False,2010,False,Yes,Yes,Yes
34319,Ecco™: The Tides of Time,0,0.75,False,2010,False,Yes,Yes,Yes
34410,Death to Spies: Moment of Truth,17,5.0,False,2009,False,Yes,No,No
34420,XIII Century – Gold Edition,17,3.75,False,2009,False,Yes,No,No
34500,Light of Altair,0,0.0,False,2009,False,Yes,No,No
34600,Order of War™,0,6.88,False,2009,False,Yes,No,No
34630,Massive Assault,0,6.88,False,2009,False,Yes,No,No
34640,Massive Assault: Phantom Renaissance,0,6.88,False,2009,False,Yes,No,No
34800,Chronicles of Mystery: The Scorpio Ritual,0,3.75,False,2009,False,Yes,No,No
34810,Project Freedom,0,2.25,False,2009,False,Yes,No,No
34820,Combat Wings: Battle of Britain,0,3.75,False,2009,False,Yes,No,No
34830,Sniper: Ghost Warrior,0,4.75,False,2010,False,Yes,No,No
34870,Sniper: Ghost Warrior 2,17,6.88,False,2013,False,Yes,No,No
34900,Bad Rats: the Rats' Revenge,0,0.75,False,2009,False,Yes,No,No
34920,Razor2: Hidden Skies,0,6.88,False,2010,False,Yes,No,No
35000,Mini Ninjas,0,8.62,False,2009,False,Yes,No,No
35070,Flora's Fruit Farm,0,3.44,False,2009,False,Yes,No,No
35130,Lara Croft and the Guardian of Light,0,8.62,False,2010,False,Yes,No,No
35140,Batman: Arkham Asylum Game of the Year Edition,0,11.88,False,2010,False,Yes,No,No
35300,Warfare,0,7.12,False,2009,False,Yes,No,No
35310,Clutch,0,5.5,False,2009,False,Yes,No,No
35320,Insane 2,0,8.0,False,2012,False,Yes,No,No
35450,Red Orchestra 2: Heroes of Stalingrad with Rising Storm,17,11.88,False,2011,False,Yes,No,No
35460,The Ball,17,6.88,False,2010,False,Yes,No,No
35480,Dwarfs!?,0,6.88,False,2011,False,Yes,Yes,Yes
35600,Big Brain Wolf,0,3.75,False,2009,False,Yes,No,No
35700,Trine Enchanted Edition,0,9.38,False,2009,False,Yes,Yes,Yes
35720,Trine 2: Complete Story,0,11.88,False,2013,False,Yes,Yes,Yes
35800,BRAINPIPE: A Plunge to Unhumanity,0,0.0,False,2009,True,Yes,Yes,No
36000,Foreign Legion: Buckets of Blood,0,2.38,False,2009,False,Yes,Yes,No
36900,Angle of Attack,0,6.88,False,2009,False,Yes,No,No
36910,All Aspect Warfare,0,6.88,False,2009,False,Yes,No,No
37000,The Void,0,6.88,False,2009,False,Yes,No,No
37210,Chocolatier®: Decadence by Design™,0,0.0,False,2009,False,Yes,Yes,No
37220,Cooking Dash®,0,0.0,False,2009,False,Yes,Yes,No
37230,Diaper Dash®,0,0.0,False,2009,False,Yes,Yes,No
37240,Diner Dash:® Hometown Hero™,0,0.0,False,2009,False,Yes,Yes,No
37260,Emerald City Confidential™,0,0.0,False,2009,False,Yes,No,No
37280,Wedding Dash® 2: Rings Around the World,0,0.0,False,2009,False,Yes,Yes,No
37290,Zenerchi®,0,0.0,False,2009,False,Yes,Yes,No
37300,DinerTown Tycoon,0,0.0,False,2009,False,Yes,Yes,No
37310,DinerTown Detective Agency™,0,0.0,False,2010,False,Yes,Yes,No
37320,The Nightshift Code™,0,0.0,False,2010,False,Yes,Yes,No
37330,Nightshift Legacy: The Jaguar's Eye™,0,0.0,False,2010,False,Yes,Yes,No
37340,Fitness Dash™,0,0.0,False,2010,False,Yes,Yes,No
37360,Mahjong Roadshow™,0,0.0,False,2010,False,Yes,Yes,No
37370,TriJinx: A Kristine Kross Mystery™,0,0.0,False,2010,False,Yes,Yes,No
37380,Valerie Porter and the Scarlet Scandal™,0,0.0,False,2010,False,Yes,Yes,No
37390,Gemini Lost™,0,0.0,False,2010,False,Yes,Yes,No
37400,"Time Gentlemen. Please! and Ben There. Dan That! Special Edition  Double Pack",0,3.75,False,2009,False,Yes,No,No
37500,Magnetis ,0,0.0,False,2009,False,Yes,No,No
37600,Windosill,0,1.88,False,2009,False,Yes,Yes,No
37800,Quantz,0,5.5,False,2009,False,Yes,Yes,No
37960,Jewel Quest Pack,0,11.88,False,2009,False,Yes,No,No
38000,Mahjong Quest Collection,0,6.88,False,2009,False,Yes,No,No
38070,Coconut Queen,0,6.88,False,2009,False,Yes,No,No
38080,Build-A-Lot,0,6.88,False,2009,False,Yes,No,No
38090,Build-A-Lot 2: Town of the Year,0,6.88,False,2009,False,Yes,No,No
38100,Build-A-Lot 3: Passport to Europe,0,6.88,False,2009,False,Yes,No,No
38110,Build-A-Lot 4: Power Source,0,6.88,False,2009,False,Yes,No,No
38120,Farm Frenzy,0,3.75,False,2010,False,Yes,No,No
38130,Farm Frenzy 2,0,3.75,False,2010,False,Yes,No,No
38140,Farm Frenzy: Pizza Party,0,3.75,False,2010,False,Yes,No,No
38150,Farm Frenzy 3,0,6.88,False,2010,False,Yes,No,No
38160,Farm Frenzy 3: American Pie,0,6.88,False,2010,False,Yes,No,No
38170,Cradle of Rome,0,6.88,False,2010,False,Yes,No,No
38180,Cradle of Persia,0,6.88,False,2010,False,Yes,No,No
38190,Romance of Rome,0,6.88,False,2010,False,Yes,No,No
38210,Roogoo,0,1.88,False,2009,False,Yes,No,No
38230,Hotel Giant 2,0,5.62,False,2010,False,Yes,No,No
38400,Fallout: A Post Nuclear Role Playing Game,16,6.88,False,2015,False,Yes,No,No
38410,Fallout 2: A Post Nuclear Role Playing Game,16,6.88,False,2009,False,Yes,No,No
38420,Fallout Tactics: Brotherhood of Steel,16,6.88,False,2009,False,Yes,No,No
38430,Kingpin — Life of Crime,0,6.88,False,2009,False,Yes,No,No
38440,Sacrifice,0,6.88,False,2009,False,Yes,No,No
38450,MDK,0,6.88,False,2009,False,Yes,No,No
38460,MDK 2,0,6.88,False,2009,False,Yes,No,No
38490,Earthworm Jim 2,0,11.88,False,2009,False,Yes,Yes,Yes
38600,Faerie Solitaire,0,8.0,False,2010,False,Yes,Yes,No
38700,Toki Tori,0,3.75,False,2010,False,Yes,Yes,Yes
39120,RIFT,0,0.0,False,2011,True,Yes,No,No
39140,FINAL FANTASY VII,13,10.38,False,2013,False,Yes,No,No
39150,FINAL FANTASY VIII,13,10.38,False,2013,False,Yes,No,No
39190,Dungeon Siege,0,6.0,False,2011,False,Yes,No,No
39200,Dungeon Siege II,0,6.0,False,2005,False,Yes,No,No
39210,FINAL FANTASY XIV Online,13,14.31,False,2014,False,Yes,No,No
39391,Freeze Tag Fun Pack #1,0,0.0,False,2009,False,Yes,No,No
39392,Freeze Tag Fun Pack #2,0,0.0,False,2009,False,Yes,No,No
39500,Gothic® 3,0,6.88,False,2009,False,Yes,No,No
39510,Gothic II: Gold Edition,0,6.88,False,2010,False,Yes,No,No
39520,The Guild Gold Edition,0,6.88,False,2014,False,Yes,No,No
39530,Painkiller: Black Edition,0,6.88,False,2007,False,Yes,No,No
39540,SpellForce - Platinum Edition,0,6.88,False,2009,False,Yes,No,No
39560,Painkiller: Resurrection,0,6.88,False,2009,False,Yes,No,No
39630,AquaNox,0,3.75,False,2010,False,Yes,No,No
39640,AquaNox 2: Revelation,0,3.75,False,2010,False,Yes,No,No
39650,The Guild II,0,6.88,False,2010,False,Yes,No,No
39660,The Guild II - Pirates of the European Seas,0,6.88,False,2010,False,Yes,No,No
39670,Chaser,0,3.75,False,2010,False,Yes,No,No
39680,The Guild II Renaissance,0,6.88,False,2010,False,Yes,No,No
39690,ArcaniA,0,11.88,False,2010,False,Yes,No,No
39800,Nation Red,0,1.88,False,2009,False,Yes,Yes,Yes
39900,Coniclysm,0,3.0,False,2010,False,Yes,No,No
40100,Supreme Commander 2,0,11.25,False,2010,False,Yes,No,No
40200,ItzaBitza,0,0.0,False,2009,False,Yes,No,No
40210,ItzaZoo,0,0.0,False,2009,False,Yes,No,No
40300,Risen,17,6.88,False,2009,False,Yes,No,No
40320,Rush for Berlin Gold,0,3.75,False,2009,False,Yes,No,No
40330,Secret Files: Tunguska,0,6.88,False,2009,False,Yes,No,No
40340,Secret Files 2: Puritas Cordis,0,6.88,False,2009,False,Yes,No,No
40350,Lost Horizon,0,6.88,False,2010,False,Yes,No,No
40370,Emergency 2012,0,0.0,False,2010,False,Yes,No,No
40380,nail'd,0,3.75,False,2010,False,Yes,No,No
40390,Risen 2: Dark Waters,0,6.88,False,2012,False,Yes,No,No
40400,AI War: Fleet Command,0,5.5,False,2009,False,Yes,Yes,Yes
40420,Tidalis,0,3.0,False,2010,False,Yes,Yes,Yes
40500,Sacraboar,0,1.88,False,2009,False,Yes,No,No
40700,Machinarium,0,8.12,False,2009,False,Yes,Yes,No
40720,Samorost 2,0,3.0,False,2009,False,Yes,Yes,No
40800,Super Meat Boy,0,9.38,False,2010,False,Yes,Yes,Yes
40930,The Misadventures of P.B. Winterbottom,0,3.75,False,2010,False,Yes,No,No
40950,Stronghold HD,0,4.38,False,2013,False,Yes,No,No
40970,Stronghold Crusader HD,0,6.88,False,2013,False,Yes,No,No
40980,Stronghold Legends: Steam Edition,0,9.38,False,2016,False,Yes,No,No
40990,Mafia,17,12.49,False,2002,False,Yes,No,No
41000,Serious Sam HD: The First Encounter,17,9.38,False,2009,False,Yes,No,No
41014,Serious Sam HD: The Second Encounter,0,11.88,False,2010,False,Yes,No,No
41050,Serious Sam Classic: The First Encounter,0,3.5,False,2019,False,Yes,No,No
41060,Serious Sam Classic: The Second Encounter,0,3.5,False,2019,False,Yes,No,No
41070,Serious Sam 3: BFE,0,16.25,False,2011,False,Yes,Yes,Yes
41100,Hammerfight,0,0.0,False,2009,True,Yes,Yes,Yes
41300,Altitude,0,0.0,False,2009,True,Yes,Yes,Yes
41400,Doom Rails,0,0.0,False,2009,False,Yes,No,No
41500,Torchlight,0,9.38,False,2009,False,Yes,Yes,No
41600,Earthworm Jim 3D,0,11.88,False,2009,False,Yes,No,No
41660,Tommy Tronic,0,6.88,False,2010,False,Yes,No,No
41680,Death and the Fly,0,6.88,False,2011,False,Yes,No,No
41700,S.T.A.L.K.E.R.: Call of Pripyat,0,11.88,False,2010,False,Yes,No,No
41730,Ion Assault,0,5.5,False,2010,False,Yes,No,No
41740,Cargo! The Quest for Gravity,0,6.88,False,2011,False,Yes,No,No
41800,Gratuitous Space Battles,0,8.0,False,2009,False,Yes,Yes,Yes
41900,The Bard's Tale ARPG: Remastered and Resnarkled,0,9.62,False,2009,False,Yes,Yes,Yes
42000,Trino,0,0.0,False,2011,False,Yes,No,No
42120,Lead and Gold: Gangs of the Wild West,17,7.34,False,2010,False,Yes,No,No
42140,Hamilton's Great Adventure,0,6.88,False,2011,False,Yes,No,No
42147,Hamilton's Great Adventure - Retro Fever DLC,0,0.62,False,2011,False,Yes,No,No
42170,Krater,0,9.38,False,2012,False,Yes,Yes,No
42200,Nancy Drew® Dossier: Resorting to Danger!,0,4.12,False,2009,False,Yes,No,No
42210,Nancy Drew®: Secrets Can Kill REMASTERED,0,4.12,False,2011,False,Yes,Yes,No
42220,Nancy Drew®: The Captive Curse,0,4.12,False,2011,False,Yes,Yes,No
42230,Nancy Drew®: Trail of the Twister,0,4.12,False,2011,False,Yes,Yes,No
42500,DogFighter,0,0.62,False,2010,False,Yes,No,No
42670,Singularity™,0,28.62,False,2010,False,Yes,No,No
42700,Call of Duty®: Black Ops,17,37.49,False,2010,False,Yes,No,No
42810,For The Glory: A Europa Universalis Game,0,6.88,False,2009,False,Yes,No,No
42850,Arsenal of Democracy: A Hearts of Iron Game,0,6.88,False,2010,False,Yes,No,No
42890,Sword of the Stars: Complete Collection,0,6.88,False,2010,False,Yes,No,No
42900,Hearts of Iron III: Semper Fi,0,3.75,False,2010,False,Yes,No,No
42910,Magicka,0,6.88,False,2011,False,Yes,No,No
42920,The Kings' Crusade,0,6.88,False,2010,False,Yes,No,No
42930,Elven Legacy: Magic,0,1.5,False,2009,False,Yes,No,No
42940,Elven Legacy: Siege,0,1.5,False,2009,False,Yes,No,No
42950,Elven Legacy: Ranger,0,1.5,False,2009,False,Yes,No,No
42960,Victoria II,0,11.88,False,2010,False,Yes,No,No
42980,Victoria I Complete,0,6.88,False,2010,False,Yes,No,No
42990,Sword of the Stars II: Enhanced Edition,0,11.88,False,2012,False,Yes,No,No
43000,Front Mission Evolved,0,8.62,False,2010,False,Yes,No,No
43100,World of Zoo,0,9.38,False,2009,False,Yes,No,No
43190,The Haunted: Hells Reach,17,6.25,False,2011,False,Yes,No,No
43500,M.U.D. TV,0,7.19,False,2010,False,Yes,No,No
43600,Nancy Drew®: Warnings at Waverly Academy,0,4.12,False,2010,False,Yes,No,No
44100,Super Laser  Racer,0,3.0,False,2010,False,Yes,No,No
44600,GTR - FIA GT Racing Game,0,4.12,False,2012,False,Yes,No,No
44680,RACE Injection,0,7.12,False,2011,False,Yes,No,No
44690,GT Legends,0,4.75,False,2012,False,Yes,No,No
45000,Sol Survivor,0,5.5,False,2010,False,Yes,No,No
45100,Secret of the Magic Crystals,0,3.75,False,2010,False,Yes,Yes,Yes
45200,Defense of the Oasis,0,3.0,False,2020,False,Yes,No,No
45300,Wings of Prey,0,6.88,False,2010,False,Yes,No,No
45400,Fortix,0,0.75,False,2010,False,Yes,Yes,No
45410,Ignite,0,6.88,False,2011,False,Yes,No,No
45420,Land It!,0,6.88,False,2016,False,Yes,Yes,No
45450,Fortix 2,0,1.5,False,2011,False,Yes,Yes,Yes
45700,Devil May Cry 4,0,17.21,False,2009,False,Yes,No,No
45720,Lost Planet: Extreme Condition Colonies Edition,0,0.0,False,2010,False,Yes,No,No
45740,Dead Rising® 2,17,17.21,False,2010,False,Yes,No,No
45750,Lost Planet® 2,0,0.0,False,2010,False,Yes,No,No
45760,Ultra Street Fighter® IV,0,25.82,False,2014,False,Yes,No,No
45770,Dead Rising 2: Off the Record,17,17.49,False,2011,False,Yes,No,No
46000,Bob Came in Pieces,0,3.0,False,2010,False,Yes,Yes,No
46200,A.I.M. Racing,0,2.25,False,2010,False,Yes,No,No
46250,NecroVisioN: Lost Company,0,5.0,False,2010,False,Yes,No,No
46260,Star Wolves 3: Civil War,0,3.75,False,2010,False,Yes,No,No
46270,Star Wolves,0,3.12,False,2010,False,Yes,No,No
46280,Star Wolves 2,0,3.12,False,2010,False,Yes,No,No
46290,Theatre of War,0,3.12,False,2010,False,Yes,No,No
46340,Theatre of War 2: Africa 1943,0,3.75,False,2010,False,Yes,No,No
46350,Real Warfare 1242,0,3.12,False,2011,False,Yes,No,No
46360,Theatre of War 2: Kursk 1943,0,3.75,False,2010,False,Yes,No,No
46370,Rig n Roll,0,3.75,False,2010,False,Yes,No,No
46380,Reign: Conflict of Nations,0,3.12,False,2010,False,Yes,No,No
46400,Greed: Black Border,0,3.75,False,2010,False,Yes,No,No
46410,Avencast: Rise of the Mage,0,3.0,False,2010,False,Yes,No,No
46440,Future Wars,0,3.75,False,2010,False,Yes,No,No
46450,Grotesque Tactics: Evil Heroes,0,6.88,False,2010,False,Yes,No,No
46460,Scratches - Director's Cut,0,0.0,False,2011,False,Yes,No,No
46480,Still Life,17,9.38,False,2011,False,Yes,No,No
46490,Still Life 2,17,9.38,False,2011,False,Yes,No,No
46500,Syberia,0,8.62,False,2011,False,Yes,Yes,No
46510,Syberia II,0,8.62,False,2011,False,Yes,Yes,No
46520,Wasteland Angel,0,3.0,False,2011,False,Yes,No,No
46540,Trapped Dead,0,3.75,False,2011,False,Yes,No,No
46550,Post Mortem,0,9.38,False,2011,False,Yes,No,No
46560,Robin Hood: The Legend of Sherwood,0,5.62,False,2011,False,Yes,Yes,No
46570,Grotesque Tactics 2 – Dungeons and Donuts,0,6.88,False,2011,False,Yes,No,No
46600,Swarm Arena,0,1.25,False,2010,False,Yes,No,No
46700,Ironclads: American Civil War,0,6.88,False,2010,False,Yes,No,No
46710,Ironclads: High Seas,0,6.88,False,2010,False,Yes,No,No
46720,Dimensity,0,6.88,False,2010,False,Yes,No,No
46730,Hazen: The Dark Whispers,0,6.88,False,2010,False,Yes,No,No
46740,World Basketball Manager 2010,0,1.88,False,2010,False,Yes,No,No
46750,Dark Fall: Lost Souls,0,7.12,False,2010,False,Yes,No,No
46760,Ironclads: Schleswig War 1864,0,6.88,False,2011,False,Yes,No,No
46770,Making History II: The War of the World,0,9.38,False,2010,False,Yes,Yes,Yes
46790,Armada 2526,0,8.0,False,2011,False,Yes,No,No
46830,Ironclads: Anglo Russian War 1866,0,6.88,False,2011,False,Yes,No,No
46840,Ironclads: Chincha Islands War 1866,0,6.88,False,2011,False,Yes,No,No
46850,Zombie Pirates,0,9.38,False,2011,False,Yes,No,No
47110,Escape From Paradise ,0,6.88,False,2010,False,Yes,No,No
47120,Escape From Paradise 2,0,6.88,False,2010,False,Yes,No,No
47130,Book of Legends,0,6.88,False,2010,False,Yes,No,No
47400,Stronghold 3 Gold,0,18.12,False,2012,False,Yes,Yes,Yes
47410,Stronghold Kingdoms,0,0.0,False,2012,True,Yes,No,No
47730,Dragon Age™: Origins Awakening,17,9.38,False,2010,False,Yes,No,No
47780,Dead Space™ 2,0,17.5,False,2011,False,Yes,No,No
47790,Medal of Honor™,17,17.5,False,2010,False,Yes,No,No
47810,Dragon Age: Origins - Ultimate Edition,17,26.25,False,2010,False,Yes,No,No
47870,Need For Speed: Hot Pursuit,0,0.0,False,2010,False,Yes,No,No
47880,Battlefield: Bad Company 2 Vietnam,17,13.75,False,2010,False,Yes,No,No
47890,The Sims™ 3,0,17.5,False,2011,False,Yes,No,No
47920,Shift 2 Unleashed,0,0.0,False,2011,False,Yes,No,No
48000,LIMBO,0,6.88,False,2011,False,Yes,Yes,Yes
48110,Silent Hunter 5®: Battle of the Atlantic,0,8.0,False,2010,False,Yes,No,No
48150,Voodoo Dice,0,4.0,False,2010,False,Yes,No,No
48190,Assassin’s Creed® Brotherhood,17,16.12,False,2011,False,Yes,No,No
48220,Might & Magic: Heroes VI,0,16.12,False,2011,False,Yes,No,No
48240,Anno 2070™,0,16.12,False,2011,False,Yes,No,No
48700,Mount & Blade: Warband,0,12.5,False,2010,False,Yes,Yes,Yes
48720,Mount & Blade: With Fire & Sword,0,6.25,False,2011,False,Yes,No,No
48800,Ship Simulator Extremes,0,11.88,False,2010,False,Yes,No,No
48950,Greed Corp,0,6.88,False,2010,False,Yes,No,No
49000,Hotel Dash™ Suite Success™,0,0.0,False,2010,False,Yes,Yes,No
49300,Commander: Conquest of the Americas,0,6.88,False,2010,False,Yes,No,No
49320,Woody Two-Legs: Attack of the Zombie Pirates,0,3.75,False,2010,False,Yes,No,No
49330,Pirates of Black Cove,0,6.88,False,2011,False,Yes,No,No
49520,Borderlands 2,17,11.88,False,2012,False,Yes,Yes,Yes
49600,Beat Hazard,0,6.88,False,2010,False,Yes,Yes,Yes
49800,Flight of the Icarus,0,3.0,False,2010,False,Yes,Yes,No
49810,CreaVures,0,3.0,False,2011,False,Yes,Yes,No
49900,Plain Sight,0,0.0,False,2010,False,Yes,No,No
50000,Nimbus,0,5.5,False,2010,False,Yes,No,No
50130,Mafia II (Classic),18,0.0,False,2011,False,Yes,No,No
50300,Spec Ops: The Line,17,18.12,False,2012,False,Yes,Yes,Yes
50510,Burn Zombie Burn!,0,0.0,False,2010,False,Yes,No,No
50620,Darksiders™,17,0.0,False,2010,False,Yes,No,No
50820,Max and the Magic Marker,0,0.0,False,2010,False,Yes,Yes,No
50910,Professor Fizzwizzle and the Molten Mystery,0,5.0,False,2010,False,Yes,Yes,No
50920,Hidden Expedition: Amazon,0,6.88,False,2010,False,Yes,No,No
50930,Hidden Expedition: Everest,0,6.88,False,2010,False,Yes,No,No
50940,Hidden Expedition: Titanic,0,6.88,False,2010,False,Yes,No,No
50960,Mystery Case Files: Huntsville™,0,6.88,False,2010,False,Yes,No,No
50970,Mystery Case Files: Madame Fate®,0,5.0,False,2007,False,Yes,No,No
50980,Mystery Case Files: Prime Suspects™,0,5.0,False,2010,False,Yes,No,No
50990,Mystery Case Files: Ravenhearst®,0,6.88,False,2010,False,Yes,No,No
51000,Mystery Case Files: Return to Ravenhearst™,0,6.88,False,2010,False,Yes,No,No
51010,My Tribe,0,6.88,False,2010,False,Yes,Yes,No
51020,Unwell Mel,0,5.0,False,2010,False,Yes,Yes,No
51030,Atlantis Sky Patrol,0,6.88,False,2010,False,Yes,Yes,No
51060,Drawn®: The Painted Tower,0,6.88,False,2011,False,Yes,No,No
55000,Flotilla,0,5.5,False,2010,False,Yes,Yes,Yes
55020,Air Forte,0,5.5,False,2010,False,Yes,Yes,No
55040,Atom Zombie Smasher,0,5.5,False,2011,False,Yes,Yes,Yes
55100,Homefront,17,11.88,False,2011,False,Yes,No,No
55110,Red Faction®: Armageddon™,17,11.88,False,2011,False,Yes,No,No
55140,MX vs. ATV Reflex,0,11.88,False,2010,False,Yes,No,No
55150,"Warhammer 40.000: Space Marine - Anniversary Edition",17,50.0,False,2011,False,Yes,No,No
55230,Saints Row: The Third,17,6.88,False,2011,False,Yes,No,Yes
56437,"Warhammer 40.000: Dawn of War II: Retribution",17,18.12,False,2011,False,Yes,Yes,Yes
56438,Dawn of War II: Retribution – The Last Stand,0,6.88,False,2011,False,Yes,Yes,Yes
57000,NyxQuest: Kindred Spirits,0,2.25,False,2010,False,Yes,Yes,No
57200,Puzzle Dimension,0,2.25,False,2010,False,Yes,Yes,No
57300,Amnesia: The Dark Descent,0,11.88,False,2010,False,Yes,Yes,Yes
57620,Patrician IV,0,10.94,False,2010,False,Yes,No,No
57640,Broken Sword: Director's Cut,0,3.75,False,2010,False,Yes,Yes,Yes
57650,Dungeons,0,7.19,False,2011,False,Yes,No,No
57680,The First Templar - Steam Special Edition,0,7.19,False,2011,False,Yes,No,No
57690,Tropico 4,0,10.94,False,2011,False,Yes,No,No
57700,Who's That Flying?!,0,4.38,False,2011,False,Yes,No,No
57740,Jagged Alliance - Back in Action,17,11.88,False,2012,False,Yes,Yes,Yes
57800,Doc Clock: The Toasted Sandwich of Time,0,0.0,False,2010,False,Yes,Yes,No
57900,Duke Nukem Forever,17,11.88,False,2011,False,Yes,Yes,No
58200,Jolly Rover,0,5.5,False,2010,False,Yes,Yes,No
58230,MacGuffin's Curse,0,5.5,False,2012,False,Yes,Yes,Yes
58400,Turba,0,0.0,False,2010,False,Yes,No,No
58520,Blood Bowl - Legendary Edition,0,6.88,False,2010,False,Yes,No,No
58550,A Game of Thrones - Genesis,0,6.88,False,2011,False,Yes,No,No
58560,Runaway: A Twist of Fate,0,3.74,False,2011,False,Yes,No,No
58570,The Next BIG Thing,0,3.74,False,2011,False,Yes,Yes,No